estimator,max_kappa,mean_delta_pct,mean_kappa,test_curve,test_label,tests,train_curve,train_label,wins
fixed_lam0p025,0.04354280271463634,-3.8514783847394853,0.02731116359201714,cosine_72000.csv,Cosine,3,cosine_72000.csv,Cosine,3
fixed_lam0p025,0.04354280271463634,-20.571746417337792,0.02731116359201714,wsd_20000_24000.csv,WSD sharp,3,cosine_72000.csv,Cosine,3
fixed_lam0p025,0.04354280271463634,-17.365816550763665,0.02731116359201714,wsdld_20000_24000.csv,WSD linear,3,cosine_72000.csv,Cosine,3
fixed_lam0p025,0.04354280271463634,-30.171701328334688,0.02731116359201714,wsdcon_3.csv,WSD-con 3e-5,3,cosine_72000.csv,Cosine,3
fixed_lam0p025,0.04354280271463634,-9.775854011621448,0.02731116359201714,wsdcon_9.csv,WSD-con 9e-5,3,cosine_72000.csv,Cosine,3
fixed_lam0p025,0.04354280271463634,-8.269208037266822,0.02731116359201714,wsdcon_18.csv,WSD-con 18e-5,3,cosine_72000.csv,Cosine,3
fixed_lam0p025,0.0468009749861305,-4.186610605820469,0.02974469100124012,cosine_72000.csv,Cosine,3,wsd_20000_24000.csv,WSD sharp,3
fixed_lam0p025,0.0468009749861305,-22.458373169944924,0.02974469100124012,wsd_20000_24000.csv,WSD sharp,3,wsd_20000_24000.csv,WSD sharp,3
fixed_lam0p025,0.0468009749861305,-18.943997201810337,0.02974469100124012,wsdld_20000_24000.csv,WSD linear,3,wsd_20000_24000.csv,WSD sharp,3
fixed_lam0p025,0.0468009749861305,-28.715348200510665,0.02974469100124012,wsdcon_3.csv,WSD-con 3e-5,3,wsd_20000_24000.csv,WSD sharp,3
fixed_lam0p025,0.0468009749861305,-9.030205052709569,0.02974469100124012,wsdcon_9.csv,WSD-con 9e-5,3,wsd_20000_24000.csv,WSD sharp,3
fixed_lam0p025,0.0468009749861305,-7.624466343913952,0.02974469100124012,wsdcon_18.csv,WSD-con 18e-5,3,wsd_20000_24000.csv,WSD sharp,3
fixed_lam0p025,0.05248056730681305,-4.729973411903018,0.03373249423253207,cosine_72000.csv,Cosine,3,wsdld_20000_24000.csv,WSD linear,3
fixed_lam0p025,0.05248056730681305,-25.49945194247373,0.03373249423253207,wsd_20000_24000.csv,WSD sharp,3,wsdld_20000_24000.csv,WSD linear,3
fixed_lam0p025,0.05248056730681305,-21.50828126729588,0.03373249423253207,wsdld_20000_24000.csv,WSD linear,3,wsdld_20000_24000.csv,WSD linear,3
fixed_lam0p025,0.05248056730681305,-23.31932201523992,0.03373249423253207,wsdcon_3.csv,WSD-con 3e-5,3,wsdld_20000_24000.csv,WSD linear,3
fixed_lam0p025,0.05248056730681305,-5.97913358717734,0.03373249423253207,wsdcon_9.csv,WSD-con 9e-5,3,wsdld_20000_24000.csv,WSD linear,1
fixed_lam0p025,0.05248056730681305,-5.529122333383661,0.03373249423253207,wsdcon_18.csv,WSD-con 18e-5,3,wsdld_20000_24000.csv,WSD linear,2
fixed_lam0p025,0.023005007876755135,-2.320424025226527,0.016059076817242123,cosine_72000.csv,Cosine,3,wsdcon_3.csv,WSD-con 3e-5,3
fixed_lam0p025,0.023005007876755135,-12.32642188626072,0.016059076817242123,wsd_20000_24000.csv,WSD sharp,3,wsdcon_3.csv,WSD-con 3e-5,3
fixed_lam0p025,0.023005007876755135,-10.321234558654728,0.016059076817242123,wsdld_20000_24000.csv,WSD linear,3,wsdcon_3.csv,WSD-con 3e-5,3
fixed_lam0p025,0.023005007876755135,-27.657603457686573,0.016059076817242123,wsdcon_3.csv,WSD-con 3e-5,3,wsdcon_3.csv,WSD-con 3e-5,3
fixed_lam0p025,0.023005007876755135,-10.424160241068071,0.016059076817242123,wsdcon_9.csv,WSD-con 9e-5,3,wsdcon_3.csv,WSD-con 3e-5,3
fixed_lam0p025,0.023005007876755135,-8.713206604074093,0.016059076817242123,wsdcon_18.csv,WSD-con 18e-5,3,wsdcon_3.csv,WSD-con 3e-5,3
fixed_lam0p025,0.026951923056547412,-2.5681105520917105,0.017896657537263858,cosine_72000.csv,Cosine,3,wsdcon_9.csv,WSD-con 9e-5,3
fixed_lam0p025,0.026951923056547412,-13.656355476909177,0.017896657537263858,wsd_20000_24000.csv,WSD sharp,3,wsdcon_9.csv,WSD-con 9e-5,3
fixed_lam0p025,0.026951923056547412,-11.453664887209051,0.017896657537263858,wsdld_20000_24000.csv,WSD linear,3,wsdcon_9.csv,WSD-con 9e-5,3
fixed_lam0p025,0.026951923056547412,-29.43313620078946,0.017896657537263858,wsdcon_3.csv,WSD-con 3e-5,3,wsdcon_9.csv,WSD-con 9e-5,3
fixed_lam0p025,0.026951923056547412,-11.020495589011256,0.017896657537263858,wsdcon_9.csv,WSD-con 9e-5,3,wsdcon_9.csv,WSD-con 9e-5,3
fixed_lam0p025,0.026951923056547412,-9.114775359612889,0.017896657537263858,wsdcon_18.csv,WSD-con 18e-5,3,wsdcon_9.csv,WSD-con 9e-5,3
fixed_lam0p025,0.025465139640745725,-2.819180525112726,0.019463005223670674,cosine_72000.csv,Cosine,3,wsdcon_18.csv,WSD-con 18e-5,3
fixed_lam0p025,0.025465139640745725,-15.232401447757065,0.019463005223670674,wsd_20000_24000.csv,WSD sharp,3,wsdcon_18.csv,WSD-con 18e-5,3
fixed_lam0p025,0.025465139640745725,-12.64583616906114,0.019463005223670674,wsdld_20000_24000.csv,WSD linear,3,wsdcon_18.csv,WSD-con 18e-5,3
fixed_lam0p025,0.025465139640745725,-30.723230402785607,0.019463005223670674,wsdcon_3.csv,WSD-con 3e-5,3,wsdcon_18.csv,WSD-con 18e-5,3
fixed_lam0p025,0.025465139640745725,-12.744876418508147,0.019463005223670674,wsdcon_9.csv,WSD-con 9e-5,3,wsdcon_18.csv,WSD-con 18e-5,3
fixed_lam0p025,0.025465139640745725,-10.943905386802028,0.019463005223670674,wsdcon_18.csv,WSD-con 18e-5,3,wsdcon_18.csv,WSD-con 18e-5,3
gcv_retention_band,0.0004589584721192618,-0.03541785677864858,0.00024402526851698332,cosine_72000.csv,Cosine,3,cosine_72000.csv,Cosine,2
gcv_retention_band,0.0004589584721192618,-0.1768746925859229,0.00024402526851698332,wsd_20000_24000.csv,WSD sharp,3,cosine_72000.csv,Cosine,2
gcv_retention_band,0.0004589584721192618,-0.15157079245391078,0.00024402526851698332,wsdld_20000_24000.csv,WSD linear,3,cosine_72000.csv,Cosine,2
gcv_retention_band,0.0004589584721192618,-0.4611996017071333,0.00024402526851698332,wsdcon_3.csv,WSD-con 3e-5,3,cosine_72000.csv,Cosine,2
gcv_retention_band,0.0004589584721192618,-0.14591468766483504,0.00024402526851698332,wsdcon_9.csv,WSD-con 9e-5,3,cosine_72000.csv,Cosine,2
gcv_retention_band,0.0004589584721192618,-0.19249017079594477,0.00024402526851698332,wsdcon_18.csv,WSD-con 18e-5,3,cosine_72000.csv,Cosine,2
gcv_retention_band,0.05508359834171374,-4.856107448299148,0.034778232636671784,cosine_72000.csv,Cosine,3,wsd_20000_24000.csv,WSD sharp,3
gcv_retention_band,0.05508359834171374,-26.195734439427884,0.034778232636671784,wsd_20000_24000.csv,WSD sharp,3,wsd_20000_24000.csv,WSD sharp,3
gcv_retention_band,0.05508359834171374,-22.130179870584584,0.034778232636671784,wsdld_20000_24000.csv,WSD linear,3,wsd_20000_24000.csv,WSD sharp,3
gcv_retention_band,0.05508359834171374,-20.878661031621725,0.034778232636671784,wsdcon_3.csv,WSD-con 3e-5,3,wsd_20000_24000.csv,WSD sharp,3
gcv_retention_band,0.05508359834171374,-5.126899547833159,0.034778232636671784,wsdcon_9.csv,WSD-con 9e-5,3,wsd_20000_24000.csv,WSD sharp,1
gcv_retention_band,0.05508359834171374,-4.2816323998492,0.034778232636671784,wsdcon_18.csv,WSD-con 18e-5,3,wsd_20000_24000.csv,WSD sharp,2
gcv_retention_band,0.05472703970037038,-4.913551813901422,0.03512176937057921,cosine_72000.csv,Cosine,3,wsdld_20000_24000.csv,WSD linear,3
gcv_retention_band,0.05472703970037038,-26.53543036094024,0.03512176937057921,wsd_20000_24000.csv,WSD sharp,3,wsdld_20000_24000.csv,WSD linear,3
gcv_retention_band,0.05472703970037038,-22.389755754768913,0.03512176937057921,wsdld_20000_24000.csv,WSD linear,3,wsdld_20000_24000.csv,WSD linear,3
gcv_retention_band,0.05472703970037038,-20.6914700261856,0.03512176937057921,wsdcon_3.csv,WSD-con 3e-5,3,wsdld_20000_24000.csv,WSD linear,3
gcv_retention_band,0.05472703970037038,-4.4707859506715595,0.03512176937057921,wsdcon_9.csv,WSD-con 9e-5,3,wsdld_20000_24000.csv,WSD linear,1
gcv_retention_band,0.05472703970037038,-4.612063634352229,0.03512176937057921,wsdcon_18.csv,WSD-con 18e-5,3,wsdld_20000_24000.csv,WSD linear,2
gcv_retention_band,0.023005007876755135,-2.33825675160703,0.016175938015547998,cosine_72000.csv,Cosine,3,wsdcon_3.csv,WSD-con 3e-5,3
gcv_retention_band,0.023005007876755135,-12.43324845760217,0.016175938015547998,wsd_20000_24000.csv,WSD sharp,3,wsdcon_3.csv,WSD-con 3e-5,3
gcv_retention_band,0.023005007876755135,-10.40478101739813,0.016175938015547998,wsdld_20000_24000.csv,WSD linear,3,wsdcon_3.csv,WSD-con 3e-5,3
gcv_retention_band,0.023005007876755135,-27.880322561429747,0.016175938015547998,wsdcon_3.csv,WSD-con 3e-5,3,wsdcon_3.csv,WSD-con 3e-5,3
gcv_retention_band,0.023005007876755135,-10.609310362146923,0.016175938015547998,wsdcon_9.csv,WSD-con 9e-5,3,wsdcon_3.csv,WSD-con 3e-5,3
gcv_retention_band,0.023005007876755135,-8.80866475851205,0.016175938015547998,wsdcon_18.csv,WSD-con 18e-5,3,wsdcon_3.csv,WSD-con 3e-5,3
gcv_retention_band,0.015871327889653012,-1.5424073930927076,0.010663125677891344,cosine_72000.csv,Cosine,3,wsdcon_9.csv,WSD-con 9e-5,3
gcv_retention_band,0.015871327889653012,-8.167105081268362,0.010663125677891344,wsd_20000_24000.csv,WSD sharp,3,wsdcon_9.csv,WSD-con 9e-5,3
gcv_retention_band,0.015871327889653012,-6.83741055103524,0.010663125677891344,wsdld_20000_24000.csv,WSD linear,3,wsdcon_9.csv,WSD-con 9e-5,3
gcv_retention_band,0.015871327889653012,-20.618010593013675,0.010663125677891344,wsdcon_3.csv,WSD-con 3e-5,3,wsdcon_9.csv,WSD-con 9e-5,3
gcv_retention_band,0.015871327889653012,-7.981848761569157,0.010663125677891344,wsdcon_9.csv,WSD-con 9e-5,3,wsdcon_9.csv,WSD-con 9e-5,3
gcv_retention_band,0.015871327889653012,-6.401577504597441,0.010663125677891344,wsdcon_18.csv,WSD-con 18e-5,3,wsdcon_9.csv,WSD-con 9e-5,3
gcv_retention_band,0.013925575429742657,-1.6203521080525476,0.011092396609392055,cosine_72000.csv,Cosine,3,wsdcon_18.csv,WSD-con 18e-5,3
gcv_retention_band,0.013925575429742657,-8.746476789991739,0.011092396609392055,wsd_20000_24000.csv,WSD sharp,3,wsdcon_18.csv,WSD-con 18e-5,3
gcv_retention_band,0.013925575429742657,-7.238425912084608,0.011092396609392055,wsdld_20000_24000.csv,WSD linear,3,wsdcon_18.csv,WSD-con 18e-5,3
gcv_retention_band,0.013925575429742657,-22.70032158457879,0.011092396609392055,wsdcon_3.csv,WSD-con 3e-5,3,wsdcon_18.csv,WSD-con 18e-5,3
gcv_retention_band,0.013925575429742657,-9.929177102266351,0.011092396609392055,wsdcon_9.csv,WSD-con 9e-5,3,wsdcon_18.csv,WSD-con 18e-5,3
gcv_retention_band,0.013925575429742657,-7.141082831425365,0.011092396609392055,wsdcon_18.csv,WSD-con 18e-5,3,wsdcon_18.csv,WSD-con 18e-5,3
residual_bic,0.0010460931772081881,-0.07716197293282286,0.0005122571049878578,cosine_72000.csv,Cosine,3,cosine_72000.csv,Cosine,2
residual_bic,0.0010460931772081881,-0.39683429935867637,0.0005122571049878578,wsd_20000_24000.csv,WSD sharp,3,cosine_72000.csv,Cosine,2
residual_bic,0.0010460931772081881,-0.33453049471234103,0.0005122571049878578,wsdld_20000_24000.csv,WSD linear,3,cosine_72000.csv,Cosine,2
residual_bic,0.0010460931772081881,-0.9942373919956412,0.0005122571049878578,wsdcon_3.csv,WSD-con 3e-5,3,cosine_72000.csv,Cosine,2
residual_bic,0.0010460931772081881,-0.3056365211250485,0.0005122571049878578,wsdcon_9.csv,WSD-con 9e-5,3,cosine_72000.csv,Cosine,2
residual_bic,0.0010460931772081881,-0.48950233930823056,0.0005122571049878578,wsdcon_18.csv,WSD-con 18e-5,3,cosine_72000.csv,Cosine,2
residual_bic,0.007099144558442564,-0.5779563785309786,0.004014160992621945,cosine_72000.csv,Cosine,3,wsd_20000_24000.csv,WSD sharp,3
residual_bic,0.007099144558442564,-2.995220360755265,0.004014160992621945,wsd_20000_24000.csv,WSD sharp,3,wsd_20000_24000.csv,WSD sharp,3
residual_bic,0.007099144558442564,-2.528985000397721,0.004014160992621945,wsdld_20000_24000.csv,WSD linear,3,wsd_20000_24000.csv,WSD sharp,3
residual_bic,0.007099144558442564,-8.062258482925,0.004014160992621945,wsdcon_3.csv,WSD-con 3e-5,3,wsd_20000_24000.csv,WSD sharp,3
residual_bic,0.007099144558442564,-2.9305569414748938,0.004014160992621945,wsdcon_9.csv,WSD-con 9e-5,3,wsd_20000_24000.csv,WSD sharp,3
residual_bic,0.007099144558442564,-2.5191128399065934,0.004014160992621945,wsdcon_18.csv,WSD-con 18e-5,3,wsd_20000_24000.csv,WSD sharp,3
residual_bic,0.005764571919880896,-0.4374761277975203,0.0030447185288797964,cosine_72000.csv,Cosine,3,wsdld_20000_24000.csv,WSD linear,3
residual_bic,0.005764571919880896,-2.234771351193713,0.0030447185288797964,wsd_20000_24000.csv,WSD sharp,3,wsdld_20000_24000.csv,WSD linear,3
residual_bic,0.005764571919880896,-1.8996530180248976,0.0030447185288797964,wsdld_20000_24000.csv,WSD linear,3,wsdld_20000_24000.csv,WSD linear,3
residual_bic,0.005764571919880896,-5.8571070997204595,0.0030447185288797964,wsdcon_3.csv,WSD-con 3e-5,3,wsdld_20000_24000.csv,WSD linear,3
residual_bic,0.005764571919880896,-2.0301157016738807,0.0030447185288797964,wsdcon_9.csv,WSD-con 9e-5,3,wsdld_20000_24000.csv,WSD linear,3
residual_bic,0.005764571919880896,-1.9467299098205142,0.0030447185288797964,wsdcon_18.csv,WSD-con 18e-5,3,wsdld_20000_24000.csv,WSD linear,3
residual_bic,0.009077980390255869,-0.8987162638344981,0.0061714294456760325,cosine_72000.csv,Cosine,3,wsdcon_3.csv,WSD-con 3e-5,3
residual_bic,0.009077980390255869,-4.718058713600293,0.0061714294456760325,wsd_20000_24000.csv,WSD sharp,3,wsdcon_3.csv,WSD-con 3e-5,3
residual_bic,0.009077980390255869,-3.9561936886226263,0.0061714294456760325,wsdld_20000_24000.csv,WSD linear,3,wsdcon_3.csv,WSD-con 3e-5,3
residual_bic,0.009077980390255869,-12.502276144748263,0.0061714294456760325,wsdcon_3.csv,WSD-con 3e-5,3,wsdcon_3.csv,WSD-con 3e-5,3
residual_bic,0.009077980390255869,-4.659232555256347,0.0061714294456760325,wsdcon_9.csv,WSD-con 9e-5,3,wsdcon_3.csv,WSD-con 3e-5,3
residual_bic,0.009077980390255869,-4.063957340201804,0.0061714294456760325,wsdcon_18.csv,WSD-con 18e-5,3,wsdcon_3.csv,WSD-con 3e-5,3
residual_bic,0.013798685783484992,-1.2557784170636244,0.008704568432313776,cosine_72000.csv,Cosine,3,wsdcon_9.csv,WSD-con 9e-5,3
residual_bic,0.013798685783484992,-6.599399878882255,0.008704568432313776,wsd_20000_24000.csv,WSD sharp,3,wsdcon_9.csv,WSD-con 9e-5,3
residual_bic,0.013798685783484992,-5.545162519050706,0.008704568432313776,wsdld_20000_24000.csv,WSD linear,3,wsdcon_9.csv,WSD-con 9e-5,3
residual_bic,0.013798685783484992,-16.93090518929851,0.008704568432313776,wsdcon_3.csv,WSD-con 3e-5,3,wsdcon_9.csv,WSD-con 9e-5,3
residual_bic,0.013798685783484992,-6.254021133058925,0.008704568432313776,wsdcon_9.csv,WSD-con 9e-5,3,wsdcon_9.csv,WSD-con 9e-5,3
residual_bic,0.013798685783484992,-5.2267054547966465,0.008704568432313776,wsdcon_18.csv,WSD-con 18e-5,3,wsdcon_9.csv,WSD-con 9e-5,3
residual_bic,0.015023001616702565,-1.729170122420139,0.01185066287336936,cosine_72000.csv,Cosine,3,wsdcon_18.csv,WSD-con 18e-5,3
residual_bic,0.015023001616702565,-9.33272086669839,0.01185066287336936,wsd_20000_24000.csv,WSD sharp,3,wsdcon_18.csv,WSD-con 18e-5,3
residual_bic,0.015023001616702565,-7.726961430235068,0.01185066287336936,wsdld_20000_24000.csv,WSD linear,3,wsdcon_18.csv,WSD-con 18e-5,3
residual_bic,0.015023001616702565,-23.75279512577872,0.01185066287336936,wsdcon_3.csv,WSD-con 3e-5,3,wsdcon_18.csv,WSD-con 18e-5,3
residual_bic,0.015023001616702565,-10.464019352863495,0.01185066287336936,wsdcon_9.csv,WSD-con 9e-5,3,wsdcon_18.csv,WSD-con 18e-5,3
residual_bic,0.015023001616702565,-7.540485043597634,0.01185066287336936,wsdcon_18.csv,WSD-con 18e-5,3,wsdcon_18.csv,WSD-con 18e-5,3
residual_gcv,0.0004589584721192618,-0.03541785677864858,0.00024402526851698332,cosine_72000.csv,Cosine,3,cosine_72000.csv,Cosine,2
residual_gcv,0.0004589584721192618,-0.1768746925859229,0.00024402526851698332,wsd_20000_24000.csv,WSD sharp,3,cosine_72000.csv,Cosine,2
residual_gcv,0.0004589584721192618,-0.15157079245391078,0.00024402526851698332,wsdld_20000_24000.csv,WSD linear,3,cosine_72000.csv,Cosine,2
residual_gcv,0.0004589584721192618,-0.4611996017071333,0.00024402526851698332,wsdcon_3.csv,WSD-con 3e-5,3,cosine_72000.csv,Cosine,2
residual_gcv,0.0004589584721192618,-0.14591468766483504,0.00024402526851698332,wsdcon_9.csv,WSD-con 9e-5,3,cosine_72000.csv,Cosine,2
residual_gcv,0.0004589584721192618,-0.19249017079594477,0.00024402526851698332,wsdcon_18.csv,WSD-con 18e-5,3,cosine_72000.csv,Cosine,2
residual_gcv,0.007052861988882452,-0.5552492652070621,0.0038653173980382842,cosine_72000.csv,Cosine,3,wsd_20000_24000.csv,WSD sharp,3
residual_gcv,0.007052861988882452,-2.869450186693164,0.0038653173980382842,wsd_20000_24000.csv,WSD sharp,3,wsd_20000_24000.csv,WSD sharp,3
residual_gcv,0.007052861988882452,-2.426727500763559,0.0038653173980382842,wsdld_20000_24000.csv,WSD linear,3,wsd_20000_24000.csv,WSD sharp,3
residual_gcv,0.007052861988882452,-7.692008664933485,0.0038653173980382842,wsdcon_3.csv,WSD-con 3e-5,3,wsd_20000_24000.csv,WSD sharp,3
residual_gcv,0.007052861988882452,-2.7733142933434283,0.0038653173980382842,wsdcon_9.csv,WSD-con 9e-5,3,wsd_20000_24000.csv,WSD sharp,3
residual_gcv,0.007052861988882452,-2.391612089752885,0.0038653173980382842,wsdcon_18.csv,WSD-con 18e-5,3,wsd_20000_24000.csv,WSD sharp,3
residual_gcv,0.005743377506505025,-0.42713572036122693,0.0029772851164338574,cosine_72000.csv,Cosine,3,wsdld_20000_24000.csv,WSD linear,3
residual_gcv,0.005743377506505025,-2.179086989549043,0.0029772851164338574,wsd_20000_24000.csv,WSD sharp,3,wsdld_20000_24000.csv,WSD linear,3
residual_gcv,0.005743377506505025,-1.8537536781190151,0.0029772851164338574,wsdld_20000_24000.csv,WSD linear,3,wsdld_20000_24000.csv,WSD linear,3
residual_gcv,0.005743377506505025,-5.709229091026439,0.0029772851164338574,wsdcon_3.csv,WSD-con 3e-5,3,wsdld_20000_24000.csv,WSD linear,3
residual_gcv,0.005743377506505025,-1.97585108773282,0.0029772851164338574,wsdcon_9.csv,WSD-con 9e-5,3,wsdld_20000_24000.csv,WSD linear,3
residual_gcv,0.005743377506505025,-1.8828622137391264,0.0029772851164338574,wsdcon_18.csv,WSD-con 18e-5,3,wsdld_20000_24000.csv,WSD linear,3
residual_gcv,0.008838333315523556,-0.8741617744026079,0.006001862755398255,cosine_72000.csv,Cosine,3,wsdcon_3.csv,WSD-con 3e-5,3
residual_gcv,0.008838333315523556,-4.587251156680876,0.006001862755398255,wsd_20000_24000.csv,WSD sharp,3,wsdcon_3.csv,WSD-con 3e-5,3
residual_gcv,0.008838333315523556,-3.8469432234152703,0.006001862755398255,wsdld_20000_24000.csv,WSD linear,3,wsdcon_3.csv,WSD-con 3e-5,3
residual_gcv,0.008838333315523556,-12.171458801191847,0.006001862755398255,wsdcon_3.csv,WSD-con 3e-5,3,wsdcon_3.csv,WSD-con 3e-5,3
residual_gcv,0.008838333315523556,-4.535798257601956,0.006001862755398255,wsdcon_9.csv,WSD-con 9e-5,3,wsdcon_3.csv,WSD-con 3e-5,3
residual_gcv,0.008838333315523556,-3.968500731316338,0.006001862755398255,wsdcon_18.csv,WSD-con 18e-5,3,wsdcon_3.csv,WSD-con 3e-5,3
residual_gcv,0.012667188260866189,-1.1916015727384766,0.008234148001076925,cosine_72000.csv,Cosine,3,wsdcon_9.csv,WSD-con 9e-5,3
residual_gcv,0.012667188260866189,-6.267794326690964,0.008234148001076925,wsd_20000_24000.csv,WSD sharp,3,wsdcon_9.csv,WSD-con 9e-5,3
residual_gcv,0.012667188260866189,-5.260207805615813,0.008234148001076925,wsdld_20000_24000.csv,WSD linear,3,wsdcon_9.csv,WSD-con 9e-5,3
residual_gcv,0.012667188260866189,-16.230152118491265,0.008234148001076925,wsdcon_3.csv,WSD-con 3e-5,3,wsdcon_9.csv,WSD-con 9e-5,3
residual_gcv,0.012667188260866189,-6.035602243059553,0.008234148001076925,wsdcon_9.csv,WSD-con 9e-5,3,wsdcon_9.csv,WSD-con 9e-5,3
residual_gcv,0.012667188260866189,-5.063856064712332,0.008234148001076925,wsdcon_18.csv,WSD-con 18e-5,3,wsdcon_9.csv,WSD-con 9e-5,3
residual_gcv,0.013925575429742657,-1.6203521080525476,0.011092396609392055,cosine_72000.csv,Cosine,3,wsdcon_18.csv,WSD-con 18e-5,3
residual_gcv,0.013925575429742657,-8.746476789991739,0.011092396609392055,wsd_20000_24000.csv,WSD sharp,3,wsdcon_18.csv,WSD-con 18e-5,3
residual_gcv,0.013925575429742657,-7.238425912084608,0.011092396609392055,wsdld_20000_24000.csv,WSD linear,3,wsdcon_18.csv,WSD-con 18e-5,3
residual_gcv,0.013925575429742657,-22.70032158457879,0.011092396609392055,wsdcon_3.csv,WSD-con 3e-5,3,wsdcon_18.csv,WSD-con 18e-5,3
residual_gcv,0.013925575429742657,-9.929177102266351,0.011092396609392055,wsdcon_9.csv,WSD-con 9e-5,3,wsdcon_18.csv,WSD-con 18e-5,3
residual_gcv,0.013925575429742657,-7.141082831425365,0.011092396609392055,wsdcon_18.csv,WSD-con 18e-5,3,wsdcon_18.csv,WSD-con 18e-5,3
retention_r0p33,0.18833815242061375,-13.73296173930533,0.11100598007108214,cosine_72000.csv,Cosine,3,cosine_72000.csv,Cosine,3
retention_r0p33,0.18833815242061375,-23.970828635671722,0.11100598007108214,wsd_20000_24000.csv,WSD sharp,3,cosine_72000.csv,Cosine,3
retention_r0p33,0.18833815242061375,-22.75098721007129,0.11100598007108214,wsdld_20000_24000.csv,WSD linear,3,cosine_72000.csv,Cosine,3
retention_r0p33,0.18833815242061375,198.3170004441422,0.11100598007108214,wsdcon_3.csv,WSD-con 3e-5,3,cosine_72000.csv,Cosine,0
retention_r0p33,0.18833815242061375,78.15390886938171,0.11100598007108214,wsdcon_9.csv,WSD-con 9e-5,3,cosine_72000.csv,Cosine,0
retention_r0p33,0.18833815242061375,57.945823180659794,0.11100598007108214,wsdcon_18.csv,WSD-con 18e-5,3,cosine_72000.csv,Cosine,1
retention_r0p33,0.0627081906060416,-5.430105916074324,0.03918268717568881,cosine_72000.csv,Cosine,3,wsd_20000_24000.csv,WSD sharp,3
retention_r0p33,0.0627081906060416,-29.40170131279342,0.03918268717568881,wsd_20000_24000.csv,WSD sharp,3,wsd_20000_24000.csv,WSD sharp,3
retention_r0p33,0.0627081906060416,-24.89602385061887,0.03918268717568881,wsdld_20000_24000.csv,WSD linear,3,wsd_20000_24000.csv,WSD sharp,3
retention_r0p33,0.0627081906060416,-11.067873337286253,0.03918268717568881,wsdcon_3.csv,WSD-con 3e-5,3,wsd_20000_24000.csv,WSD sharp,1
retention_r0p33,0.0627081906060416,-0.4593301183341367,0.03918268717568881,wsdcon_9.csv,WSD-con 9e-5,3,wsd_20000_24000.csv,WSD sharp,1
retention_r0p33,0.0627081906060416,-0.9219521872168528,0.03918268717568881,wsdcon_18.csv,WSD-con 18e-5,3,wsd_20000_24000.csv,WSD sharp,1
retention_r0p33,0.060742193328563655,-5.385876557095474,0.03871835698066791,cosine_72000.csv,Cosine,3,wsdld_20000_24000.csv,WSD linear,3
retention_r0p33,0.060742193328563655,-29.197499395050368,0.03871835698066791,wsd_20000_24000.csv,WSD sharp,3,wsdld_20000_24000.csv,WSD linear,3
retention_r0p33,0.060742193328563655,-24.662104483491046,0.03871835698066791,wsdld_20000_24000.csv,WSD linear,3,wsdld_20000_24000.csv,WSD linear,3
retention_r0p33,0.060742193328563655,-12.744622650881716,0.03871835698066791,wsdcon_3.csv,WSD-con 3e-5,3,wsdld_20000_24000.csv,WSD linear,3
retention_r0p33,0.060742193328563655,-0.5056984416490492,0.03871835698066791,wsdcon_9.csv,WSD-con 9e-5,3,wsdld_20000_24000.csv,WSD linear,1
retention_r0p33,0.060742193328563655,-2.076316019431361,0.03871835698066791,wsdcon_18.csv,WSD-con 18e-5,3,wsdld_20000_24000.csv,WSD linear,1
retention_r0p33,0.02706205379122559,-2.7764353073674237,0.01925190776969724,cosine_72000.csv,Cosine,3,wsdcon_3.csv,WSD-con 3e-5,3
retention_r0p33,0.02706205379122559,-14.827941798906252,0.01925190776969724,wsd_20000_24000.csv,WSD sharp,3,wsdcon_3.csv,WSD-con 3e-5,3
retention_r0p33,0.02706205379122559,-12.398654947559843,0.01925190776969724,wsdld_20000_24000.csv,WSD linear,3,wsdcon_3.csv,WSD-con 3e-5,3
retention_r0p33,0.02706205379122559,-30.732567488266085,0.01925190776969724,wsdcon_3.csv,WSD-con 3e-5,3,wsdcon_3.csv,WSD-con 3e-5,3
retention_r0p33,0.02706205379122559,-11.917571543947425,0.01925190776969724,wsdcon_9.csv,WSD-con 9e-5,3,wsdcon_3.csv,WSD-con 3e-5,3
retention_r0p33,0.02706205379122559,-9.61793135226799,0.01925190776969724,wsdcon_18.csv,WSD-con 18e-5,3,wsdcon_3.csv,WSD-con 3e-5,3
retention_r0p33,0.019012478127177775,-1.7699983665977026,0.012291404779660188,cosine_72000.csv,Cosine,3,wsdcon_9.csv,WSD-con 9e-5,3
retention_r0p33,0.019012478127177775,-9.343064232111699,0.012291404779660188,wsd_20000_24000.csv,WSD sharp,3,wsdcon_9.csv,WSD-con 9e-5,3
retention_r0p33,0.019012478127177775,-7.846056677747185,0.012291404779660188,wsdld_20000_24000.csv,WSD linear,3,wsdcon_9.csv,WSD-con 9e-5,3
retention_r0p33,0.019012478127177775,-22.518259842875164,0.012291404779660188,wsdcon_3.csv,WSD-con 3e-5,3,wsdcon_9.csv,WSD-con 9e-5,3
retention_r0p33,0.019012478127177775,-8.37609190436875,0.012291404779660188,wsdcon_9.csv,WSD-con 9e-5,3,wsdcon_9.csv,WSD-con 9e-5,3
retention_r0p33,0.019012478127177775,-7.074510189114403,0.012291404779660188,wsdcon_18.csv,WSD-con 18e-5,3,wsdcon_9.csv,WSD-con 9e-5,3
retention_r0p33,0.013574333565153885,-1.604484554219628,0.010973958304683562,cosine_72000.csv,Cosine,3,wsdcon_18.csv,WSD-con 18e-5,3
retention_r0p33,0.013574333565153885,-8.672423347191012,0.010973958304683562,wsd_20000_24000.csv,WSD sharp,3,wsdcon_18.csv,WSD-con 18e-5,3
retention_r0p33,0.013574333565153885,-7.1708947349909105,0.010973958304683562,wsdld_20000_24000.csv,WSD linear,3,wsdcon_18.csv,WSD-con 18e-5,3
retention_r0p33,0.013574333565153885,-22.569760141055696,0.010973958304683562,wsdcon_3.csv,WSD-con 3e-5,3,wsdcon_18.csv,WSD-con 18e-5,3
retention_r0p33,0.013574333565153885,-9.950600218730811,0.010973958304683562,wsdcon_9.csv,WSD-con 9e-5,3,wsdcon_18.csv,WSD-con 18e-5,3
retention_r0p33,0.013574333565153885,-7.1147442681933954,0.010973958304683562,wsdcon_18.csv,WSD-con 18e-5,3,wsdcon_18.csv,WSD-con 18e-5,3
