mean_delta,median_delta,nonharm,pair_config_id,rows,smooth_config_id,smooth_fit_start_step,smooth_lambda,smooth_max_mode,smooth_nuisance_lambda,smooth_retention_power,smooth_rho,step_config_id,step_fit_start_step,step_lambda,step_max_mode,step_nuisance_lambda,step_retention_power,step_rho,wins,worst_delta
-33.35221720329127,-29.5084918638418,15,15704,15,2110,12000,4.0,8,0.05,0.25,0.2,3410,12000,20.0,12,0.02,0.0,0.0,15,-13.156629475377601
-33.35221720329127,-29.5084918638418,15,15705,15,2110,12000,4.0,8,0.05,0.25,0.2,3420,12000,20.0,12,0.02,0.0,0.0,15,-13.156629475377601
-33.35221720329127,-29.5084918638418,15,15707,15,2110,12000,4.0,8,0.05,0.25,0.2,3430,12000,20.0,12,0.02,0.0,0.0,15,-13.156629475377601
-33.35221720329127,-29.5084918638418,15,15709,15,2110,12000,4.0,8,0.05,0.25,0.2,3440,12000,20.0,12,0.02,0.0,0.0,15,-13.156629475377601
-33.35221720329127,-29.5084918638418,15,15711,15,2110,12000,4.0,8,0.05,0.25,0.2,3450,12000,20.0,12,0.02,0.0,0.0,15,-13.156629475377601
-33.35221720329127,-29.5084918638418,15,15713,15,2110,12000,4.0,8,0.05,0.25,0.2,3460,12000,20.0,12,0.02,0.0,0.0,15,-13.156629475377601
-33.35221720329127,-29.5084918638418,15,15715,15,2110,12000,4.0,8,0.05,0.25,0.2,3470,12000,20.0,12,0.02,0.0,0.0,15,-13.156629475377601
-33.35221720329127,-29.5084918638418,15,34304,15,8610,12000,4.0,8,0.05,0.25,0.2,3410,12000,20.0,12,0.02,0.0,0.0,15,-13.156629475377601
-33.35221720329127,-29.5084918638418,15,34305,15,8610,12000,4.0,8,0.05,0.25,0.2,3420,12000,20.0,12,0.02,0.0,0.0,15,-13.156629475377601
-33.35221720329127,-29.5084918638418,15,34307,15,8610,12000,4.0,8,0.05,0.25,0.2,3430,12000,20.0,12,0.02,0.0,0.0,15,-13.156629475377601
-33.35221720329127,-29.5084918638418,15,34309,15,8610,12000,4.0,8,0.05,0.25,0.2,3440,12000,20.0,12,0.02,0.0,0.0,15,-13.156629475377601
-33.35221720329127,-29.5084918638418,15,34311,15,8610,12000,4.0,8,0.05,0.25,0.2,3450,12000,20.0,12,0.02,0.0,0.0,15,-13.156629475377601
-33.35221720329127,-29.5084918638418,15,34313,15,8610,12000,4.0,8,0.05,0.25,0.2,3460,12000,20.0,12,0.02,0.0,0.0,15,-13.156629475377601
-33.35221720329127,-29.5084918638418,15,34315,15,8610,12000,4.0,8,0.05,0.25,0.2,3470,12000,20.0,12,0.02,0.0,0.0,15,-13.156629475377601
-33.35219275969399,-29.5084918638418,15,15716,15,2110,12000,4.0,8,0.05,0.25,0.2,3510,12000,20.0,8,0.02,0.0,0.0,15,-13.160385733913415
-33.35219275969399,-29.5084918638418,15,15717,15,2110,12000,4.0,8,0.05,0.25,0.2,3520,12000,20.0,8,0.02,0.0,0.0,15,-13.160385733913415
-33.35219275969399,-29.5084918638418,15,15719,15,2110,12000,4.0,8,0.05,0.25,0.2,3530,12000,20.0,8,0.02,0.0,0.0,15,-13.160385733913415
-33.35219275969399,-29.5084918638418,15,15721,15,2110,12000,4.0,8,0.05,0.25,0.2,3540,12000,20.0,8,0.02,0.0,0.0,15,-13.160385733913415
-33.35219275969399,-29.5084918638418,15,15723,15,2110,12000,4.0,8,0.05,0.25,0.2,3550,12000,20.0,8,0.02,0.0,0.0,15,-13.160385733913415
-33.35219275969399,-29.5084918638418,15,15725,15,2110,12000,4.0,8,0.05,0.25,0.2,3560,12000,20.0,8,0.02,0.0,0.0,15,-13.160385733913415
-33.35219275969399,-29.5084918638418,15,15727,15,2110,12000,4.0,8,0.05,0.25,0.2,3570,12000,20.0,8,0.02,0.0,0.0,15,-13.160385733913415
-33.35219275969399,-29.5084918638418,15,34316,15,8610,12000,4.0,8,0.05,0.25,0.2,3510,12000,20.0,8,0.02,0.0,0.0,15,-13.160385733913415
-33.35219275969399,-29.5084918638418,15,34317,15,8610,12000,4.0,8,0.05,0.25,0.2,3520,12000,20.0,8,0.02,0.0,0.0,15,-13.160385733913415
-33.35219275969399,-29.5084918638418,15,34319,15,8610,12000,4.0,8,0.05,0.25,0.2,3530,12000,20.0,8,0.02,0.0,0.0,15,-13.160385733913415
-33.35219275969399,-29.5084918638418,15,34321,15,8610,12000,4.0,8,0.05,0.25,0.2,3540,12000,20.0,8,0.02,0.0,0.0,15,-13.160385733913415
-33.35219275969399,-29.5084918638418,15,34323,15,8610,12000,4.0,8,0.05,0.25,0.2,3550,12000,20.0,8,0.02,0.0,0.0,15,-13.160385733913415
-33.35219275969399,-29.5084918638418,15,34325,15,8610,12000,4.0,8,0.05,0.25,0.2,3560,12000,20.0,8,0.02,0.0,0.0,15,-13.160385733913415
-33.35219275969399,-29.5084918638418,15,34327,15,8610,12000,4.0,8,0.05,0.25,0.2,3570,12000,20.0,8,0.02,0.0,0.0,15,-13.160385733913415
-33.35218075964682,-29.50843188343083,15,15104,15,2010,12000,4.0,12,0.05,0.25,0.2,3410,12000,20.0,12,0.02,0.0,0.0,15,-13.156629475377601
-33.35218075964682,-29.50843188343083,15,15105,15,2010,12000,4.0,12,0.05,0.25,0.2,3420,12000,20.0,12,0.02,0.0,0.0,15,-13.156629475377601
-33.35218075964682,-29.50843188343083,15,15107,15,2010,12000,4.0,12,0.05,0.25,0.2,3430,12000,20.0,12,0.02,0.0,0.0,15,-13.156629475377601
-33.35218075964682,-29.50843188343083,15,15109,15,2010,12000,4.0,12,0.05,0.25,0.2,3440,12000,20.0,12,0.02,0.0,0.0,15,-13.156629475377601
-33.35218075964682,-29.50843188343083,15,15111,15,2010,12000,4.0,12,0.05,0.25,0.2,3450,12000,20.0,12,0.02,0.0,0.0,15,-13.156629475377601
-33.35218075964682,-29.50843188343083,15,15113,15,2010,12000,4.0,12,0.05,0.25,0.2,3460,12000,20.0,12,0.02,0.0,0.0,15,-13.156629475377601
-33.35218075964682,-29.50843188343083,15,15115,15,2010,12000,4.0,12,0.05,0.25,0.2,3470,12000,20.0,12,0.02,0.0,0.0,15,-13.156629475377601
-33.35218075964682,-29.50843188343083,15,33704,15,8510,12000,4.0,12,0.05,0.25,0.2,3410,12000,20.0,12,0.02,0.0,0.0,15,-13.156629475377601
-33.35218075964682,-29.50843188343083,15,33705,15,8510,12000,4.0,12,0.05,0.25,0.2,3420,12000,20.0,12,0.02,0.0,0.0,15,-13.156629475377601
-33.35218075964682,-29.50843188343083,15,33707,15,8510,12000,4.0,12,0.05,0.25,0.2,3430,12000,20.0,12,0.02,0.0,0.0,15,-13.156629475377601
-33.35218075964682,-29.50843188343083,15,33709,15,8510,12000,4.0,12,0.05,0.25,0.2,3440,12000,20.0,12,0.02,0.0,0.0,15,-13.156629475377601
-33.35218075964682,-29.50843188343083,15,33711,15,8510,12000,4.0,12,0.05,0.25,0.2,3450,12000,20.0,12,0.02,0.0,0.0,15,-13.156629475377601
-33.35218075964682,-29.50843188343083,15,33713,15,8510,12000,4.0,12,0.05,0.25,0.2,3460,12000,20.0,12,0.02,0.0,0.0,15,-13.156629475377601
-33.35218075964682,-29.50843188343083,15,33715,15,8510,12000,4.0,12,0.05,0.25,0.2,3470,12000,20.0,12,0.02,0.0,0.0,15,-13.156629475377601
-33.35218048943117,-29.508441345732173,15,14504,15,1910,12000,4.0,16,0.05,0.25,0.2,3410,12000,20.0,12,0.02,0.0,0.0,15,-13.156629475377601
-33.35218048943117,-29.508441345732173,15,14505,15,1910,12000,4.0,16,0.05,0.25,0.2,3420,12000,20.0,12,0.02,0.0,0.0,15,-13.156629475377601
-33.35218048943117,-29.508441345732173,15,14507,15,1910,12000,4.0,16,0.05,0.25,0.2,3430,12000,20.0,12,0.02,0.0,0.0,15,-13.156629475377601
-33.35218048943117,-29.508441345732173,15,14509,15,1910,12000,4.0,16,0.05,0.25,0.2,3440,12000,20.0,12,0.02,0.0,0.0,15,-13.156629475377601
-33.35218048943117,-29.508441345732173,15,14511,15,1910,12000,4.0,16,0.05,0.25,0.2,3450,12000,20.0,12,0.02,0.0,0.0,15,-13.156629475377601
-33.35218048943117,-29.508441345732173,15,14513,15,1910,12000,4.0,16,0.05,0.25,0.2,3460,12000,20.0,12,0.02,0.0,0.0,15,-13.156629475377601
-33.35218048943117,-29.508441345732173,15,14515,15,1910,12000,4.0,16,0.05,0.25,0.2,3470,12000,20.0,12,0.02,0.0,0.0,15,-13.156629475377601
-33.35218048943117,-29.508441345732173,15,33104,15,8410,12000,4.0,16,0.05,0.25,0.2,3410,12000,20.0,12,0.02,0.0,0.0,15,-13.156629475377601
-33.35218048943117,-29.508441345732173,15,33105,15,8410,12000,4.0,16,0.05,0.25,0.2,3420,12000,20.0,12,0.02,0.0,0.0,15,-13.156629475377601
-33.35218048943117,-29.508441345732173,15,33107,15,8410,12000,4.0,16,0.05,0.25,0.2,3430,12000,20.0,12,0.02,0.0,0.0,15,-13.156629475377601
-33.35218048943117,-29.508441345732173,15,33109,15,8410,12000,4.0,16,0.05,0.25,0.2,3440,12000,20.0,12,0.02,0.0,0.0,15,-13.156629475377601
-33.35218048943117,-29.508441345732173,15,33111,15,8410,12000,4.0,16,0.05,0.25,0.2,3450,12000,20.0,12,0.02,0.0,0.0,15,-13.156629475377601
-33.35218048943117,-29.508441345732173,15,33113,15,8410,12000,4.0,16,0.05,0.25,0.2,3460,12000,20.0,12,0.02,0.0,0.0,15,-13.156629475377601
-33.35218048943117,-29.508441345732173,15,33115,15,8410,12000,4.0,16,0.05,0.25,0.2,3470,12000,20.0,12,0.02,0.0,0.0,15,-13.156629475377601
-33.352156316049545,-29.50843188343083,15,15116,15,2010,12000,4.0,12,0.05,0.25,0.2,3510,12000,20.0,8,0.02,0.0,0.0,15,-13.160385733913415
-33.352156316049545,-29.50843188343083,15,15117,15,2010,12000,4.0,12,0.05,0.25,0.2,3520,12000,20.0,8,0.02,0.0,0.0,15,-13.160385733913415
-33.352156316049545,-29.50843188343083,15,15119,15,2010,12000,4.0,12,0.05,0.25,0.2,3530,12000,20.0,8,0.02,0.0,0.0,15,-13.160385733913415
-33.352156316049545,-29.50843188343083,15,15121,15,2010,12000,4.0,12,0.05,0.25,0.2,3540,12000,20.0,8,0.02,0.0,0.0,15,-13.160385733913415
-33.352156316049545,-29.50843188343083,15,15123,15,2010,12000,4.0,12,0.05,0.25,0.2,3550,12000,20.0,8,0.02,0.0,0.0,15,-13.160385733913415
-33.352156316049545,-29.50843188343083,15,15125,15,2010,12000,4.0,12,0.05,0.25,0.2,3560,12000,20.0,8,0.02,0.0,0.0,15,-13.160385733913415
-33.352156316049545,-29.50843188343083,15,15127,15,2010,12000,4.0,12,0.05,0.25,0.2,3570,12000,20.0,8,0.02,0.0,0.0,15,-13.160385733913415
-33.352156316049545,-29.50843188343083,15,33716,15,8510,12000,4.0,12,0.05,0.25,0.2,3510,12000,20.0,8,0.02,0.0,0.0,15,-13.160385733913415
-33.352156316049545,-29.50843188343083,15,33717,15,8510,12000,4.0,12,0.05,0.25,0.2,3520,12000,20.0,8,0.02,0.0,0.0,15,-13.160385733913415
-33.352156316049545,-29.50843188343083,15,33719,15,8510,12000,4.0,12,0.05,0.25,0.2,3530,12000,20.0,8,0.02,0.0,0.0,15,-13.160385733913415
-33.352156316049545,-29.50843188343083,15,33721,15,8510,12000,4.0,12,0.05,0.25,0.2,3540,12000,20.0,8,0.02,0.0,0.0,15,-13.160385733913415
-33.352156316049545,-29.50843188343083,15,33723,15,8510,12000,4.0,12,0.05,0.25,0.2,3550,12000,20.0,8,0.02,0.0,0.0,15,-13.160385733913415
-33.352156316049545,-29.50843188343083,15,33725,15,8510,12000,4.0,12,0.05,0.25,0.2,3560,12000,20.0,8,0.02,0.0,0.0,15,-13.160385733913415
-33.352156316049545,-29.50843188343083,15,33727,15,8510,12000,4.0,12,0.05,0.25,0.2,3570,12000,20.0,8,0.02,0.0,0.0,15,-13.160385733913415
-33.352156045833894,-29.508441345732173,15,14516,15,1910,12000,4.0,16,0.05,0.25,0.2,3510,12000,20.0,8,0.02,0.0,0.0,15,-13.160385733913415
-33.352156045833894,-29.508441345732173,15,14517,15,1910,12000,4.0,16,0.05,0.25,0.2,3520,12000,20.0,8,0.02,0.0,0.0,15,-13.160385733913415
-33.352156045833894,-29.508441345732173,15,14519,15,1910,12000,4.0,16,0.05,0.25,0.2,3530,12000,20.0,8,0.02,0.0,0.0,15,-13.160385733913415
-33.352156045833894,-29.508441345732173,15,14521,15,1910,12000,4.0,16,0.05,0.25,0.2,3540,12000,20.0,8,0.02,0.0,0.0,15,-13.160385733913415
-33.352156045833894,-29.508441345732173,15,14523,15,1910,12000,4.0,16,0.05,0.25,0.2,3550,12000,20.0,8,0.02,0.0,0.0,15,-13.160385733913415
-33.352156045833894,-29.508441345732173,15,14525,15,1910,12000,4.0,16,0.05,0.25,0.2,3560,12000,20.0,8,0.02,0.0,0.0,15,-13.160385733913415
-33.352156045833894,-29.508441345732173,15,14527,15,1910,12000,4.0,16,0.05,0.25,0.2,3570,12000,20.0,8,0.02,0.0,0.0,15,-13.160385733913415
-33.352156045833894,-29.508441345732173,15,33116,15,8410,12000,4.0,16,0.05,0.25,0.2,3510,12000,20.0,8,0.02,0.0,0.0,15,-13.160385733913415
-33.352156045833894,-29.508441345732173,15,33117,15,8410,12000,4.0,16,0.05,0.25,0.2,3520,12000,20.0,8,0.02,0.0,0.0,15,-13.160385733913415
-33.352156045833894,-29.508441345732173,15,33119,15,8410,12000,4.0,16,0.05,0.25,0.2,3530,12000,20.0,8,0.02,0.0,0.0,15,-13.160385733913415
-33.352156045833894,-29.508441345732173,15,33121,15,8410,12000,4.0,16,0.05,0.25,0.2,3540,12000,20.0,8,0.02,0.0,0.0,15,-13.160385733913415
-33.352156045833894,-29.508441345732173,15,33123,15,8410,12000,4.0,16,0.05,0.25,0.2,3550,12000,20.0,8,0.02,0.0,0.0,15,-13.160385733913415
-33.352156045833894,-29.508441345732173,15,33125,15,8410,12000,4.0,16,0.05,0.25,0.2,3560,12000,20.0,8,0.02,0.0,0.0,15,-13.160385733913415
-33.352156045833894,-29.508441345732173,15,33127,15,8410,12000,4.0,16,0.05,0.25,0.2,3570,12000,20.0,8,0.02,0.0,0.0,15,-13.160385733913415
-33.34280469988063,-29.5084918638418,15,15785,15,2110,12000,4.0,8,0.05,0.25,0.2,12300,3000,20.0,16,0.05,0.25,0.0,15,-13.899596290302307
-33.34280469988063,-29.5084918638418,15,15786,15,2110,12000,4.0,8,0.05,0.25,0.2,12310,3000,20.0,16,0.05,0.25,0.0,15,-13.899596290302307
-33.34280469988063,-29.5084918638418,15,15791,15,2110,12000,4.0,8,0.05,0.25,0.2,12900,3000,20.0,16,0.05,0.25,0.0,15,-13.899596290302307
-33.34280469988063,-29.5084918638418,15,15792,15,2110,12000,4.0,8,0.05,0.25,0.2,12910,3000,20.0,16,0.05,0.25,0.0,15,-13.899596290302307
-33.34280469988063,-29.5084918638418,15,34385,15,8610,12000,4.0,8,0.05,0.25,0.2,12300,3000,20.0,16,0.05,0.25,0.0,15,-13.899596290302307
-33.34280469988063,-29.5084918638418,15,34386,15,8610,12000,4.0,8,0.05,0.25,0.2,12310,3000,20.0,16,0.05,0.25,0.0,15,-13.899596290302307
-33.34280469988063,-29.5084918638418,15,34391,15,8610,12000,4.0,8,0.05,0.25,0.2,12900,3000,20.0,16,0.05,0.25,0.0,15,-13.899596290302307
-33.34280469988063,-29.5084918638418,15,34392,15,8610,12000,4.0,8,0.05,0.25,0.2,12910,3000,20.0,16,0.05,0.25,0.0,15,-13.899596290302307
-33.34279702914298,-29.5084918638418,15,15787,15,2110,12000,4.0,8,0.05,0.25,0.2,12400,3000,20.0,12,0.05,0.25,0.0,15,-13.89960506338861
-33.34279702914298,-29.5084918638418,15,15788,15,2110,12000,4.0,8,0.05,0.25,0.2,12410,3000,20.0,12,0.05,0.25,0.0,15,-13.89960506338861
-33.34279702914298,-29.5084918638418,15,15793,15,2110,12000,4.0,8,0.05,0.25,0.2,13000,3000,20.0,12,0.05,0.25,0.0,15,-13.89960506338861
-33.34279702914298,-29.5084918638418,15,15794,15,2110,12000,4.0,8,0.05,0.25,0.2,13010,3000,20.0,12,0.05,0.25,0.0,15,-13.89960506338861
-33.34279702914298,-29.5084918638418,15,34387,15,8610,12000,4.0,8,0.05,0.25,0.2,12400,3000,20.0,12,0.05,0.25,0.0,15,-13.89960506338861
-33.34279702914298,-29.5084918638418,15,34388,15,8610,12000,4.0,8,0.05,0.25,0.2,12410,3000,20.0,12,0.05,0.25,0.0,15,-13.89960506338861
-33.34279702914298,-29.5084918638418,15,34393,15,8610,12000,4.0,8,0.05,0.25,0.2,13000,3000,20.0,12,0.05,0.25,0.0,15,-13.89960506338861
-33.34279702914298,-29.5084918638418,15,34394,15,8610,12000,4.0,8,0.05,0.25,0.2,13010,3000,20.0,12,0.05,0.25,0.0,15,-13.89960506338861
-33.34276825623618,-29.50843188343083,15,15185,15,2010,12000,4.0,12,0.05,0.25,0.2,12300,3000,20.0,16,0.05,0.25,0.0,15,-13.899596290302307
-33.34276825623618,-29.50843188343083,15,15186,15,2010,12000,4.0,12,0.05,0.25,0.2,12310,3000,20.0,16,0.05,0.25,0.0,15,-13.899596290302307
-33.34276825623618,-29.50843188343083,15,15191,15,2010,12000,4.0,12,0.05,0.25,0.2,12900,3000,20.0,16,0.05,0.25,0.0,15,-13.899596290302307
-33.34276825623618,-29.50843188343083,15,15192,15,2010,12000,4.0,12,0.05,0.25,0.2,12910,3000,20.0,16,0.05,0.25,0.0,15,-13.899596290302307
-33.34276825623618,-29.50843188343083,15,33785,15,8510,12000,4.0,12,0.05,0.25,0.2,12300,3000,20.0,16,0.05,0.25,0.0,15,-13.899596290302307
-33.34276825623618,-29.50843188343083,15,33786,15,8510,12000,4.0,12,0.05,0.25,0.2,12310,3000,20.0,16,0.05,0.25,0.0,15,-13.899596290302307
-33.34276825623618,-29.50843188343083,15,33791,15,8510,12000,4.0,12,0.05,0.25,0.2,12900,3000,20.0,16,0.05,0.25,0.0,15,-13.899596290302307
-33.34276825623618,-29.50843188343083,15,33792,15,8510,12000,4.0,12,0.05,0.25,0.2,12910,3000,20.0,16,0.05,0.25,0.0,15,-13.899596290302307
-33.342767986020526,-29.508441345732173,15,14585,15,1910,12000,4.0,16,0.05,0.25,0.2,12300,3000,20.0,16,0.05,0.25,0.0,15,-13.899596290302307
-33.342767986020526,-29.508441345732173,15,14586,15,1910,12000,4.0,16,0.05,0.25,0.2,12310,3000,20.0,16,0.05,0.25,0.0,15,-13.899596290302307
-33.342767986020526,-29.508441345732173,15,14591,15,1910,12000,4.0,16,0.05,0.25,0.2,12900,3000,20.0,16,0.05,0.25,0.0,15,-13.899596290302307
-33.342767986020526,-29.508441345732173,15,14592,15,1910,12000,4.0,16,0.05,0.25,0.2,12910,3000,20.0,16,0.05,0.25,0.0,15,-13.899596290302307
-33.342767986020526,-29.508441345732173,15,33185,15,8410,12000,4.0,16,0.05,0.25,0.2,12300,3000,20.0,16,0.05,0.25,0.0,15,-13.899596290302307
-33.342767986020526,-29.508441345732173,15,33186,15,8410,12000,4.0,16,0.05,0.25,0.2,12310,3000,20.0,16,0.05,0.25,0.0,15,-13.899596290302307
-33.342767986020526,-29.508441345732173,15,33191,15,8410,12000,4.0,16,0.05,0.25,0.2,12900,3000,20.0,16,0.05,0.25,0.0,15,-13.899596290302307
-33.342767986020526,-29.508441345732173,15,33192,15,8410,12000,4.0,16,0.05,0.25,0.2,12910,3000,20.0,16,0.05,0.25,0.0,15,-13.899596290302307
-33.34276058549854,-29.50843188343083,15,15187,15,2010,12000,4.0,12,0.05,0.25,0.2,12400,3000,20.0,12,0.05,0.25,0.0,15,-13.89960506338861
-33.34276058549854,-29.50843188343083,15,15188,15,2010,12000,4.0,12,0.05,0.25,0.2,12410,3000,20.0,12,0.05,0.25,0.0,15,-13.89960506338861
-33.34276058549854,-29.50843188343083,15,15193,15,2010,12000,4.0,12,0.05,0.25,0.2,13000,3000,20.0,12,0.05,0.25,0.0,15,-13.89960506338861
-33.34276058549854,-29.50843188343083,15,15194,15,2010,12000,4.0,12,0.05,0.25,0.2,13010,3000,20.0,12,0.05,0.25,0.0,15,-13.89960506338861
-33.34276058549854,-29.50843188343083,15,33787,15,8510,12000,4.0,12,0.05,0.25,0.2,12400,3000,20.0,12,0.05,0.25,0.0,15,-13.89960506338861
-33.34276058549854,-29.50843188343083,15,33788,15,8510,12000,4.0,12,0.05,0.25,0.2,12410,3000,20.0,12,0.05,0.25,0.0,15,-13.89960506338861
-33.34276058549854,-29.50843188343083,15,33793,15,8510,12000,4.0,12,0.05,0.25,0.2,13000,3000,20.0,12,0.05,0.25,0.0,15,-13.89960506338861
-33.34276058549854,-29.50843188343083,15,33794,15,8510,12000,4.0,12,0.05,0.25,0.2,13010,3000,20.0,12,0.05,0.25,0.0,15,-13.89960506338861
-33.34276031528288,-29.508441345732173,15,14587,15,1910,12000,4.0,16,0.05,0.25,0.2,12400,3000,20.0,12,0.05,0.25,0.0,15,-13.89960506338861
-33.34276031528288,-29.508441345732173,15,14588,15,1910,12000,4.0,16,0.05,0.25,0.2,12410,3000,20.0,12,0.05,0.25,0.0,15,-13.89960506338861
-33.34276031528288,-29.508441345732173,15,14593,15,1910,12000,4.0,16,0.05,0.25,0.2,13000,3000,20.0,12,0.05,0.25,0.0,15,-13.89960506338861
-33.34276031528288,-29.508441345732173,15,14594,15,1910,12000,4.0,16,0.05,0.25,0.2,13010,3000,20.0,12,0.05,0.25,0.0,15,-13.89960506338861
-33.34276031528288,-29.508441345732173,15,33187,15,8410,12000,4.0,16,0.05,0.25,0.2,12400,3000,20.0,12,0.05,0.25,0.0,15,-13.89960506338861
-33.34276031528288,-29.508441345732173,15,33188,15,8410,12000,4.0,16,0.05,0.25,0.2,12410,3000,20.0,12,0.05,0.25,0.0,15,-13.89960506338861
-33.34276031528288,-29.508441345732173,15,33193,15,8410,12000,4.0,16,0.05,0.25,0.2,13000,3000,20.0,12,0.05,0.25,0.0,15,-13.89960506338861
-33.34276031528288,-29.508441345732173,15,33194,15,8410,12000,4.0,16,0.05,0.25,0.2,13010,3000,20.0,12,0.05,0.25,0.0,15,-13.89960506338861
-33.34262093999839,-29.5084918638418,15,15789,15,2110,12000,4.0,8,0.05,0.25,0.2,12500,3000,20.0,8,0.05,0.25,0.0,15,-13.900022794149558
-33.34262093999839,-29.5084918638418,15,15790,15,2110,12000,4.0,8,0.05,0.25,0.2,12510,3000,20.0,8,0.05,0.25,0.0,15,-13.900022794149558
-33.34262093999839,-29.5084918638418,15,15795,15,2110,12000,4.0,8,0.05,0.25,0.2,13100,3000,20.0,8,0.05,0.25,0.0,15,-13.900022794149558
-33.34262093999839,-29.5084918638418,15,15796,15,2110,12000,4.0,8,0.05,0.25,0.2,13110,3000,20.0,8,0.05,0.25,0.0,15,-13.900022794149558
-33.34262093999839,-29.5084918638418,15,34389,15,8610,12000,4.0,8,0.05,0.25,0.2,12500,3000,20.0,8,0.05,0.25,0.0,15,-13.900022794149558
-33.34262093999839,-29.5084918638418,15,34390,15,8610,12000,4.0,8,0.05,0.25,0.2,12510,3000,20.0,8,0.05,0.25,0.0,15,-13.900022794149558
-33.34262093999839,-29.5084918638418,15,34395,15,8610,12000,4.0,8,0.05,0.25,0.2,13100,3000,20.0,8,0.05,0.25,0.0,15,-13.900022794149558
-33.34262093999839,-29.5084918638418,15,34396,15,8610,12000,4.0,8,0.05,0.25,0.2,13110,3000,20.0,8,0.05,0.25,0.0,15,-13.900022794149558
-33.34258449635394,-29.50843188343083,15,15189,15,2010,12000,4.0,12,0.05,0.25,0.2,12500,3000,20.0,8,0.05,0.25,0.0,15,-13.900022794149558
-33.34258449635394,-29.50843188343083,15,15190,15,2010,12000,4.0,12,0.05,0.25,0.2,12510,3000,20.0,8,0.05,0.25,0.0,15,-13.900022794149558
-33.34258449635394,-29.50843188343083,15,15195,15,2010,12000,4.0,12,0.05,0.25,0.2,13100,3000,20.0,8,0.05,0.25,0.0,15,-13.900022794149558
-33.34258449635394,-29.50843188343083,15,15196,15,2010,12000,4.0,12,0.05,0.25,0.2,13110,3000,20.0,8,0.05,0.25,0.0,15,-13.900022794149558
-33.34258449635394,-29.50843188343083,15,33789,15,8510,12000,4.0,12,0.05,0.25,0.2,12500,3000,20.0,8,0.05,0.25,0.0,15,-13.900022794149558
-33.34258449635394,-29.50843188343083,15,33790,15,8510,12000,4.0,12,0.05,0.25,0.2,12510,3000,20.0,8,0.05,0.25,0.0,15,-13.900022794149558
-33.34258449635394,-29.50843188343083,15,33795,15,8510,12000,4.0,12,0.05,0.25,0.2,13100,3000,20.0,8,0.05,0.25,0.0,15,-13.900022794149558
-33.34258449635394,-29.50843188343083,15,33796,15,8510,12000,4.0,12,0.05,0.25,0.2,13110,3000,20.0,8,0.05,0.25,0.0,15,-13.900022794149558
-33.342584226138285,-29.508441345732173,15,14589,15,1910,12000,4.0,16,0.05,0.25,0.2,12500,3000,20.0,8,0.05,0.25,0.0,15,-13.900022794149558
-33.342584226138285,-29.508441345732173,15,14590,15,1910,12000,4.0,16,0.05,0.25,0.2,12510,3000,20.0,8,0.05,0.25,0.0,15,-13.900022794149558
-33.342584226138285,-29.508441345732173,15,14595,15,1910,12000,4.0,16,0.05,0.25,0.2,13100,3000,20.0,8,0.05,0.25,0.0,15,-13.900022794149558
-33.342584226138285,-29.508441345732173,15,14596,15,1910,12000,4.0,16,0.05,0.25,0.2,13110,3000,20.0,8,0.05,0.25,0.0,15,-13.900022794149558
-33.342584226138285,-29.508441345732173,15,33189,15,8410,12000,4.0,16,0.05,0.25,0.2,12500,3000,20.0,8,0.05,0.25,0.0,15,-13.900022794149558
-33.342584226138285,-29.508441345732173,15,33190,15,8410,12000,4.0,16,0.05,0.25,0.2,12510,3000,20.0,8,0.05,0.25,0.0,15,-13.900022794149558
-33.342584226138285,-29.508441345732173,15,33195,15,8410,12000,4.0,16,0.05,0.25,0.2,13100,3000,20.0,8,0.05,0.25,0.0,15,-13.900022794149558
-33.342584226138285,-29.508441345732173,15,33196,15,8410,12000,4.0,16,0.05,0.25,0.2,13110,3000,20.0,8,0.05,0.25,0.0,15,-13.900022794149558
-33.32877364876022,-29.5084918638418,15,15657,15,2110,12000,4.0,8,0.05,0.25,0.2,1821,5000,20.0,8,0.02,0.0,0.2,15,-13.859311154838016
-33.32877364876022,-29.5084918638418,15,15660,15,2110,12000,4.0,8,0.05,0.25,0.2,1831,5000,20.0,8,0.02,0.0,0.2,15,-13.859311154838016
-33.32877364876022,-29.5084918638418,15,15663,15,2110,12000,4.0,8,0.05,0.25,0.2,1841,5000,20.0,8,0.02,0.0,0.2,15,-13.859311154838016
-33.32877364876022,-29.5084918638418,15,15666,15,2110,12000,4.0,8,0.05,0.25,0.2,1851,5000,20.0,8,0.02,0.0,0.2,15,-13.859311154838016
-33.32877364876022,-29.5084918638418,15,15668,15,2110,12000,4.0,8,0.05,0.25,0.2,1861,5000,20.0,8,0.02,0.0,0.2,15,-13.859311154838016
-33.32877364876022,-29.5084918638418,15,15670,15,2110,12000,4.0,8,0.05,0.25,0.2,1871,5000,20.0,8,0.02,0.0,0.2,15,-13.859311154838016
-33.32877364876022,-29.5084918638418,15,34257,15,8610,12000,4.0,8,0.05,0.25,0.2,1821,5000,20.0,8,0.02,0.0,0.2,15,-13.859311154838016
-33.32877364876022,-29.5084918638418,15,34260,15,8610,12000,4.0,8,0.05,0.25,0.2,1831,5000,20.0,8,0.02,0.0,0.2,15,-13.859311154838016
-33.32877364876022,-29.5084918638418,15,34263,15,8610,12000,4.0,8,0.05,0.25,0.2,1841,5000,20.0,8,0.02,0.0,0.2,15,-13.859311154838016
-33.32877364876022,-29.5084918638418,15,34266,15,8610,12000,4.0,8,0.05,0.25,0.2,1851,5000,20.0,8,0.02,0.0,0.2,15,-13.859311154838016
-33.32877364876022,-29.5084918638418,15,34268,15,8610,12000,4.0,8,0.05,0.25,0.2,1861,5000,20.0,8,0.02,0.0,0.2,15,-13.859311154838016
-33.32877364876022,-29.5084918638418,15,34270,15,8610,12000,4.0,8,0.05,0.25,0.2,1871,5000,20.0,8,0.02,0.0,0.2,15,-13.859311154838016
-33.32873720511578,-29.50843188343083,15,15057,15,2010,12000,4.0,12,0.05,0.25,0.2,1821,5000,20.0,8,0.02,0.0,0.2,15,-13.859311154838016
-33.32873720511578,-29.50843188343083,15,15060,15,2010,12000,4.0,12,0.05,0.25,0.2,1831,5000,20.0,8,0.02,0.0,0.2,15,-13.859311154838016
-33.32873720511578,-29.50843188343083,15,15063,15,2010,12000,4.0,12,0.05,0.25,0.2,1841,5000,20.0,8,0.02,0.0,0.2,15,-13.859311154838016
-33.32873720511578,-29.50843188343083,15,15066,15,2010,12000,4.0,12,0.05,0.25,0.2,1851,5000,20.0,8,0.02,0.0,0.2,15,-13.859311154838016
-33.32873720511578,-29.50843188343083,15,15068,15,2010,12000,4.0,12,0.05,0.25,0.2,1861,5000,20.0,8,0.02,0.0,0.2,15,-13.859311154838016
-33.32873720511578,-29.50843188343083,15,15070,15,2010,12000,4.0,12,0.05,0.25,0.2,1871,5000,20.0,8,0.02,0.0,0.2,15,-13.859311154838016
-33.32873720511578,-29.50843188343083,15,33657,15,8510,12000,4.0,12,0.05,0.25,0.2,1821,5000,20.0,8,0.02,0.0,0.2,15,-13.859311154838016
-33.32873720511578,-29.50843188343083,15,33660,15,8510,12000,4.0,12,0.05,0.25,0.2,1831,5000,20.0,8,0.02,0.0,0.2,15,-13.859311154838016
-33.32873720511578,-29.50843188343083,15,33663,15,8510,12000,4.0,12,0.05,0.25,0.2,1841,5000,20.0,8,0.02,0.0,0.2,15,-13.859311154838016
-33.32873720511578,-29.50843188343083,15,33666,15,8510,12000,4.0,12,0.05,0.25,0.2,1851,5000,20.0,8,0.02,0.0,0.2,15,-13.859311154838016
-33.32873720511578,-29.50843188343083,15,33668,15,8510,12000,4.0,12,0.05,0.25,0.2,1861,5000,20.0,8,0.02,0.0,0.2,15,-13.859311154838016
-33.32873720511578,-29.50843188343083,15,33670,15,8510,12000,4.0,12,0.05,0.25,0.2,1871,5000,20.0,8,0.02,0.0,0.2,15,-13.859311154838016
-33.32873693490012,-29.508441345732173,15,14457,15,1910,12000,4.0,16,0.05,0.25,0.2,1821,5000,20.0,8,0.02,0.0,0.2,15,-13.859311154838016
-33.32873693490012,-29.508441345732173,15,14460,15,1910,12000,4.0,16,0.05,0.25,0.2,1831,5000,20.0,8,0.02,0.0,0.2,15,-13.859311154838016
-33.32873693490012,-29.508441345732173,15,14463,15,1910,12000,4.0,16,0.05,0.25,0.2,1841,5000,20.0,8,0.02,0.0,0.2,15,-13.859311154838016
-33.32873693490012,-29.508441345732173,15,14466,15,1910,12000,4.0,16,0.05,0.25,0.2,1851,5000,20.0,8,0.02,0.0,0.2,15,-13.859311154838016
-33.32873693490012,-29.508441345732173,15,14468,15,1910,12000,4.0,16,0.05,0.25,0.2,1861,5000,20.0,8,0.02,0.0,0.2,15,-13.859311154838016
-33.32873693490012,-29.508441345732173,15,14470,15,1910,12000,4.0,16,0.05,0.25,0.2,1871,5000,20.0,8,0.02,0.0,0.2,15,-13.859311154838016
-33.32873693490012,-29.508441345732173,15,33057,15,8410,12000,4.0,16,0.05,0.25,0.2,1821,5000,20.0,8,0.02,0.0,0.2,15,-13.859311154838016
-33.32873693490012,-29.508441345732173,15,33060,15,8410,12000,4.0,16,0.05,0.25,0.2,1831,5000,20.0,8,0.02,0.0,0.2,15,-13.859311154838016
-33.32873693490012,-29.508441345732173,15,33063,15,8410,12000,4.0,16,0.05,0.25,0.2,1841,5000,20.0,8,0.02,0.0,0.2,15,-13.859311154838016
-33.32873693490012,-29.508441345732173,15,33066,15,8410,12000,4.0,16,0.05,0.25,0.2,1851,5000,20.0,8,0.02,0.0,0.2,15,-13.859311154838016
-33.32873693490012,-29.508441345732173,15,33068,15,8410,12000,4.0,16,0.05,0.25,0.2,1861,5000,20.0,8,0.02,0.0,0.2,15,-13.859311154838016
-33.32873693490012,-29.508441345732173,15,33070,15,8410,12000,4.0,16,0.05,0.25,0.2,1871,5000,20.0,8,0.02,0.0,0.2,15,-13.859311154838016
-33.328235779216236,-29.5084918638418,15,15642,15,2110,12000,4.0,8,0.05,0.25,0.2,1721,5000,20.0,12,0.02,0.0,0.2,15,-13.855793009042227
-33.328235779216236,-29.5084918638418,15,15645,15,2110,12000,4.0,8,0.05,0.25,0.2,1731,5000,20.0,12,0.02,0.0,0.2,15,-13.855793009042227
-33.328235779216236,-29.5084918638418,15,15648,15,2110,12000,4.0,8,0.05,0.25,0.2,1741,5000,20.0,12,0.02,0.0,0.2,15,-13.855793009042227
-33.328235779216236,-29.5084918638418,15,15651,15,2110,12000,4.0,8,0.05,0.25,0.2,1751,5000,20.0,12,0.02,0.0,0.2,15,-13.855793009042227
-33.328235779216236,-29.5084918638418,15,15653,15,2110,12000,4.0,8,0.05,0.25,0.2,1761,5000,20.0,12,0.02,0.0,0.2,15,-13.855793009042227
-33.328235779216236,-29.5084918638418,15,15655,15,2110,12000,4.0,8,0.05,0.25,0.2,1771,5000,20.0,12,0.02,0.0,0.2,15,-13.855793009042227
-33.328235779216236,-29.5084918638418,15,34242,15,8610,12000,4.0,8,0.05,0.25,0.2,1721,5000,20.0,12,0.02,0.0,0.2,15,-13.855793009042227
-33.328235779216236,-29.5084918638418,15,34245,15,8610,12000,4.0,8,0.05,0.25,0.2,1731,5000,20.0,12,0.02,0.0,0.2,15,-13.855793009042227
